<?xml version="1.0" encoding="UTF-8"?>
<project-private xmlns="http://www.netbeans.org/ns/project-private/1">
    <editor-bookmarks xmlns="http://www.netbeans.org/ns/editor-bookmarks/2" lastBookmarkId="0"/>
    <open-files xmlns="http://www.netbeans.org/ns/projectui-open-files/2">
        <group>
            <file>file:/R:/SLIITA/Y2S2/DSA/BinaryTree/BinTree/src/Code/Node.java</file>
            <file>file:/R:/SLIITA/Y2S2/DSA/BinaryTree/BinTree/src/Code/Tree.java</file>
            <file>file:/R:/SLIITA/Y2S2/DSA/BinaryTree/BinTree/src/GUI/UI.java</file>
        </group>
    </open-files>
</project-private>
